<?xml version="1.0" encoding="UTF-8"?>
<project-private xmlns="http://www.netbeans.org/ns/project-private/1">
    <editor-bookmarks xmlns="http://www.netbeans.org/ns/editor-bookmarks/2" lastBookmarkId="0"/>
    <open-files xmlns="http://www.netbeans.org/ns/projectui-open-files/2">
        <group>
            <file>file:/Users/marekszymanski/NetBeansProjects/Akademik3/src/java/logika/DBkontroler/PersonKontroler.java</file>
            <file>file:/Users/marekszymanski/NetBeansProjects/Akademik3/web/WEB-INF/faces-config.xml</file>
            <file>file:/Users/marekszymanski/NetBeansProjects/Akademik3/web/Administrator/administratorUsers.xhtml</file>
            <file>file:/Users/marekszymanski/NetBeansProjects/Akademik3/web/Administrator/administratorDekorator.xhtml</file>
        </group>
    </open-files>
</project-private>
